customer_id,name,email,address,region,country
1,Maisie Calderon,donec.est@aol.couk,"103-388 Pellentesque, St.",Aisén,Chile
2,Amos Branch,lectus@yahoo.ca,Ap #508-6919 Ante. Rd.,Chandigarh,India
3,Magee Reeves,eleifend@outlook.org,229-613 Rhoncus. Av.,Huáběi,China
4,Igor Alvarado,mauris.ipsum.porta@aol.com,Ap #732-7076 Ornare Street,Mizoram,India
5,Geraldine Cobb,lacinia.vitae.sodales@icloud.edu,7409 Ultricies Rd.,La Libertad,Peru
6,Nelle Randolph,sed.eu@hotmail.edu,"371-8448 Dolor, Road",Gilgit Baltistan,Pakistan
7,Ila Carroll,euismod@outlook.org,143-4796 Enim Ave,Melilla,Spain
8,Brielle May,mauris.elit.dictum@google.couk,"P.O. Box 398, 4875 Egestas St.",Mecklenburg-Vorpommern,Germany
9,Samantha Koch,pharetra.nam@outlook.ca,Ap #650-941 Massa St.,Corse,France
10,Amery Sellers,velit.aliquam@hotmail.ca,5432 Urna Rd.,North West,South Africa
11,Hedwig Nolan,aliquam@hotmail.edu,559-1623 Odio Av.,Noord Brabant,Netherlands
12,Tanya Harrington,cras.dictum.ultricies@yahoo.edu,297-4131 Fusce Av.,Bourgogne,France
13,Mufutau Armstrong,rutrum.magna.cras@hotmail.edu,302-4194 Sed Street,Hidalgo,Mexico
14,Bree Berger,lectus.pede@hotmail.ca,5786 Morbi Street,Haute-Normandie,France
15,Gretchen William,nunc.quisque@icloud.couk,"Ap #160-4900 Lorem, Road",Valparaíso,Chile
16,Ian Donovan,duis.cursus@google.ca,Ap #258-9069 Felis St.,Saint Petersburg City,Russian Federation
17,Stephen Robinson,varius.ultrices@icloud.couk,Ap #346-3326 Integer St.,Balochistan,Pakistan
18,Jonah Day,proin.nisl.sem@yahoo.com,"P.O. Box 352, 1746 Proin Rd.",O'Higgins,Chile
19,Scott Camacho,ac.mattis@icloud.ca,"2527 Amet, Ave",Bình Định,Vietnam
20,Charity Salas,magna.sed.dui@icloud.net,726-7420 Urna St.,Mpumalanga,South Africa
21,Chandler Conrad,ut.nec@aol.couk,611 Diam Av.,Northern Territory,Australia
22,Daquan Guerra,vestibulum.lorem@yahoo.com,732-9574 Sodales Avenue,Bình Thuận,Vietnam
23,Lee Meadows,risus.donec@outlook.net,"P.O. Box 305, 1732 Mattis Av.",Jeju,South Korea
24,Samuel Perez,consectetuer@icloud.net,849-8043 Commodo Rd.,Ryazan Oblast,Russian Federation
25,Hammett Aguilar,ligula.tortor@hotmail.net,221-6697 Ullamcorper Rd.,Eastern Cape,South Africa
26,Quemby Kirkland,integer.urna@protonmail.com,"P.O. Box 458, 3652 Dictum Road",South Sulawesi,Indonesia
27,Deborah Nielsen,convallis.erat@outlook.ca,"P.O. Box 887, 6014 Erat. Av.",Swiętokrzyskie,Poland
28,Florence Wynn,faucibus@icloud.org,Ap #978-9545 Eu St.,Chiapas,Mexico
29,Sheila Gillespie,ac@hotmail.ca,"P.O. Box 992, 8468 Urna. Rd.",Noord Holland,Netherlands
30,Amos Ochoa,laoreet.lectus.quis@outlook.couk,Ap #167-3121 Nullam Street,Maharastra,India
31,Alana Nicholson,cras@google.com,Ap #424-9316 Parturient Avenue,Alaska,United States
32,Wade Wynn,aliquam.adipiscing@yahoo.edu,"P.O. Box 330, 9949 In Avenue",Ceará,Brazil
33,Harriet Rojas,vitae@hotmail.com,424-8962 Dictum St.,Coquimbo,Chile
34,Boris Hyde,nunc@icloud.edu,"P.O. Box 122, 1936 Ornare, Road",Niedersachsen,Germany
35,Thane Manning,sit.amet@aol.edu,Ap #780-6449 Accumsan St.,Goiás,Brazil
36,Jakeem Burris,nulla.vulputate.dui@google.edu,Ap #988-4846 Dictum St.,Rio Grande do Sul,Brazil
37,Malik Swanson,non@google.ca,"P.O. Box 877, 9216 Malesuada Ave",South Jeolla,South Korea
38,Wyatt Cooper,proin@yahoo.couk,8356 Vulputate Rd.,Virginia,United States
39,Ursa Fuentes,pede.nunc.sed@protonmail.net,Ap #904-1354 Gravida. St.,Mpumalanga,South Africa
40,Dai Sims,habitant.morbi.tristique@outlook.net,928-7941 Erat Road,Azad Kashmir,Pakistan
41,Axel Strong,pede@hotmail.ca,Ap #692-5285 Velit Ave,South Australia,Australia
42,Kevin Mcmahon,vivamus.rhoncus@hotmail.couk,"Ap #323-7149 Ullamcorper, Av.",Extremadura,Spain
43,Emerald Orr,consequat.dolor.vitae@icloud.couk,477-9158 Sodales Rd.,Arequipa,Peru
44,Guy Hale,lacus.aliquam.rutrum@hotmail.net,571-7766 Ut Road,Huádōng,China
45,Dillon Luna,vitae@yahoo.edu,Ap #113-598 Habitant Av.,Tây Ninh,Vietnam
46,Alika Shannon,dictum.augue@icloud.net,743-7001 Nam Ave,Vorarlberg,Austria
47,Madison Cote,vitae.semper@protonmail.ca,"P.O. Box 252, 988 Dictum Road",Bangsamoro,Philippines
48,Autumn George,mauris.ut.quam@hotmail.ca,907-3683 Diam St.,Lower Austria,Austria
49,Martena Head,elit.erat.vitae@icloud.net,Ap #821-2495 Nunc. Rd.,Alajuela,Costa Rica
50,Wang Santos,metus.eu.erat@outlook.ca,7974 Donec Avenue,Viken,Norway
51,Shannon Herrera,aliquam.gravida.mauris@hotmail.com,Ap #747-9305 A Street,Ceuta,Spain
52,Tallulah Maldonado,nunc@hotmail.couk,2327 Libero. Rd.,Gyeonggi,South Korea
53,Nehru Hess,proin.non@yahoo.net,Ap #323-4235 Tortor. Rd.,Smolensk Oblast,Russian Federation
54,Yoko Whitney,eget.massa@hotmail.couk,Ap #407-9158 Cursus. Rd.,Nunavut,Canada
55,Kane Mcmillan,nibh.phasellus@protonmail.ca,204-2225 Lacus Ave,Arequipa,Peru
56,Eugenia Copeland,nibh.lacinia@icloud.com,Ap #522-4383 Accumsan Rd.,Delhi,India
57,Brooke Chavez,non.egestas@yahoo.net,634-5372 Posuere St.,Dōngběi,China
58,Aristotle Dunn,dui@icloud.com,"P.O. Box 535, 1859 Non, Av.",Viken,Norway
59,McKenzie Leblanc,mauris@yahoo.org,"P.O. Box 839, 1575 Non St.",Hessen,Germany
60,Roary Cote,pede.nunc@google.org,"P.O. Box 229, 7678 Ligula Ave",Connacht,Ireland
61,Jaquelyn David,nam@google.org,547-131 Libero Road,Samara Oblast,Russian Federation
62,Desiree Burton,nunc@protonmail.couk,"Ap #559-8117 Auctor, Road",Michoacán,Mexico
63,Dawn Carr,sit@yahoo.com,Ap #691-808 Nonummy St.,Baden Württemberg,Germany
64,Kimberly Woodward,vel.quam@protonmail.net,938-5118 Odio. Avenue,West Region,Singapore
65,Aretha Weber,mauris.ut@aol.edu,301-5479 Et St.,Xīnán,China
66,Mira Hudson,pede.sagittis@aol.ca,1719 Eget Av.,Henegouwen,Belgium
67,Farrah Campbell,purus@protonmail.com,"P.O. Box 130, 7912 Donec Rd.",Stockholms län,Sweden
68,Neville Guerrero,aliquam.nisl@icloud.couk,893 Nulla. Rd.,Leinster,Ireland
69,Autumn Mckee,placerat.velit@icloud.org,2602 Maecenas Street,Southwestern Tagalog Region,Philippines
70,Sonia Gonzalez,rutrum@aol.org,"P.O. Box 431, 279 Lacus. St.",Xīběi,China
71,Cassidy Campbell,mauris.rhoncus.id@protonmail.com,Ap #810-8717 Eu St.,Paraná,Brazil
72,Hilel Cox,amet.metus@hotmail.edu,Ap #688-1533 Nonummy Rd.,Huádōng,China
73,Jermaine Kerr,amet.lorem@hotmail.couk,385-7670 Aptent St.,Troms og Finnmark,Norway
74,Lael Middleton,mauris@google.org,"P.O. Box 855, 6900 Faucibus Ave",Washington,United States
75,Eleanor Williams,eros@hotmail.org,"Ap #803-744 Erat, Av.",Limburg,Netherlands
76,Brendan Buck,fringilla@outlook.couk,Ap #722-3979 Quis St.,Araucanía,Chile
77,Fritz Golden,id@icloud.net,Ap #228-178 Eu Rd.,West Region,Singapore
78,Finn Hendrix,lectus.convallis@icloud.edu,"P.O. Box 979, 1649 Mauris Street",Poltava oblast,Ukraine
79,Shellie Buckner,sem.elit.pharetra@aol.couk,Ap #844-9557 Ante Av.,Huila,Colombia
80,Dustin Hood,volutpat.nunc@hotmail.com,Ap #947-3123 Nulla Ave,Limpopo,South Africa
81,Levi Camacho,imperdiet@yahoo.edu,"P.O. Box 374, 6858 Non, Ave",Yaroslavl Oblast,Russian Federation
82,Cairo Davis,vel.turpis.aliquam@google.ca,6063 Libero St.,Şanlıurfa,Turkey
83,Aretha Kirby,lacus@yahoo.com,Ap #403-142 Lectus Road,Östergötlands län,Sweden
84,Farrah Cotton,tristique.ac@hotmail.ca,Ap #742-7910 Donec Rd.,Xīnán,China
85,Abbot Mercer,fermentum.metus@protonmail.com,Ap #503-7842 Enim. Avenue,Guerrero,Mexico
86,Imelda Harding,ultricies@protonmail.ca,Ap #392-2693 Donec St.,Banffshire,United Kingdom
87,Marvin Allen,lorem.luctus.ut@yahoo.couk,768-2432 Laoreet Avenue,Ceará,Brazil
88,Barrett Ford,ipsum.dolor.sit@yahoo.ca,Ap #579-7807 Ornare Rd.,Sumy oblast,Ukraine
89,Ethan Gates,in@outlook.org,Ap #593-1279 Convallis Avenue,North Island,New Zealand
90,Idola Hines,fringilla.est.mauris@aol.org,933-8160 Faucibus Road,Northern Cape,South Africa
91,Unity Brennan,pellentesque.eget.dictum@hotmail.edu,"P.O. Box 512, 3246 Nunc St.",Renfrewshire,United Kingdom
92,Brady Knapp,molestie.pharetra@hotmail.edu,7752 Sit Rd.,Mazowieckie,Poland
93,Raphael Mclean,turpis.egestas@protonmail.org,Ap #441-3878 In Road,Cajamarca,Peru
94,Odette Macias,arcu.nunc.mauris@outlook.ca,902-3722 Curabitur Avenue,Angus,United Kingdom
95,Jameson Cruz,neque@outlook.com,529-5209 Lacus. Road,Oost-Vlaanderen,Belgium
96,Lucas Estes,nam@google.edu,Ap #292-5561 Neque. Rd.,Sicilia,Italy
97,Amber Macias,non.vestibulum.nec@google.edu,Ap #427-3753 Euismod St.,Comunitat ValencianaSpain
98,Urielle Kerr,sed.nunc.est@hotmail.couk,Ap #135-3096 Auctor Avenue,Nordland,Norway
99,Honorato Nielsen,neque.et.nunc@yahoo.org,9292 Ultricies Rd.,Gilgit Baltistan,Pakistan
100,Fiona Gould,consectetuer.ipsum@outlook.edu,Ap #642-1088 Pretium Ave,Västra Götalands län,Sweden
