customer_id,name,phone,email,country
1,Hayley Zamora,1-350-925-4842,proin@aol.ca,Singapore
2,Brenda Noble,1-276-589-9929,nullam.lobortis.quam@outlook.com,United States
3,Martena Jenkins,(772) 197-3584,tellus.id@hotmail.com,South Korea
4,Berk Buck,1-612-536-7610,cras.pellentesque@aol.net,Canada
5,Ralph Crawford,1-821-999-9438,fusce@protonmail.org,Germany
6,Macaulay Compton,1-127-418-7578,maecenas.mi@outlook.com,United States
7,Carla Daniel,(842) 473-3367,diam@icloud.edu,Belgium
8,Knox Schroeder,(136) 816-8714,praesent.eu@protonmail.org,Peru
9,Jack Hubbard,1-652-388-6362,lacinia@icloud.com,Singapore
10,Henry Bauer,(137) 316-8563,dictum@google.edu,France
11,Aimee Mooney,1-727-176-2681,posuere.vulputate@aol.org,Poland
12,Mollie Maddox,1-527-460-2570,vitae.aliquet.nec@icloud.com,Vietnam
13,Mollie Hooper,1-401-717-7483,dui.fusce@google.couk,Austria
14,Lois Kramer,1-263-504-1164,quis.diam@aol.couk,Peru
15,Phillip Gray,1-721-653-0544,eget.ipsum@protonmail.couk,South Africa
16,Flynn Price,(358) 811-7716,sed.est@hotmail.com,Australia
17,Nolan Oneil,1-475-956-5668,maecenas.mi.felis@hotmail.org,Italy
18,Emerald Rowland,1-673-757-3781,nunc.ullamcorper@hotmail.ca,Netherlands
19,Xena Garner,1-844-217-4138,nunc.nulla@icloud.com,China
20,Basil Sellers,(726) 690-3058,id@protonmail.edu,United Kingdom
21,Regan Silva,(567) 434-1368,nec@aol.org,Indonesia
22,Holly Cardenas,1-729-311-5186,cras.convallis@protonmail.ca,Pakistan
23,Geoffrey Summers,(403) 160-9539,etiam.ligula.tortor@aol.edu,Austria
24,Carla Brewer,(621) 540-9656,condimentum.eget@aol.net,Pakistan
25,Kylie James,(888) 264-0844,adipiscing.mauris.molestie@icloud.com,China
26,Reese House,1-617-894-4589,rutrum.fusce.dolor@protonmail.ca,Austria
27,Dolan Petty,(213) 784-6392,aliquam.eros@hotmail.com,Poland
28,Abel Nelson,(256) 235-6430,et.tristique@google.couk,Nigeria
29,Barrett Phillips,(498) 473-2842,accumsan.convallis@yahoo.net,Belgium
30,Adrian Hobbs,(205) 740-7536,integer.sem@protonmail.ca,Poland
31,Lareina Serrano,1-478-710-6616,erat.eget.ipsum@outlook.org,France
32,Leigh Jacobs,1-516-648-7510,enim.sit@yahoo.org,Germany
33,Lucian Carter,1-533-333-1658,iaculis.nec@hotmail.ca,Italy
34,Jescie Slater,(601) 454-7408,ligula.tortor@icloud.net,Pakistan
35,Xantha Clarke,(339) 724-9584,cubilia@outlook.com,United States
36,Venus Valenzuela,(849) 531-5296,enim.curabitur.massa@protonmail.edu,Italy
37,Oliver Wyatt,1-443-548-2478,lacinia.sed@outlook.edu,Ireland
38,Damon Stanley,(854) 161-4746,vulputate@yahoo.couk,Sweden
39,Austin Kemp,1-212-438-2251,malesuada.malesuada@yahoo.net,Turkey
40,Macy Skinner,1-534-581-5874,nulla.semper.tellus@google.edu,Poland
41,Merritt Cox,(671) 389-0834,aenean@google.com,Austria
42,Dominique Mathis,1-165-934-3127,dictum.phasellus.in@outlook.org,China
43,Vera Ryan,(727) 824-1558,magnis.dis@yahoo.com,Philippines
44,Lionel Tillman,(761) 826-2419,lorem.lorem.luctus@yahoo.couk,Brazil
45,Paloma Figueroa,1-521-657-4685,sed.hendrerit.a@hotmail.edu,Norway
46,Jael Barrera,(822) 236-2983,magna.nam@hotmail.com,Sweden
47,Lillian Stein,1-771-119-5848,curabitur.vel@google.couk,Ireland
48,Hilel Anthony,(313) 443-3956,duis@protonmail.org,Ireland
49,Garrett George,1-992-684-8281,molestie.tellus@hotmail.ca,Peru
50,Seth Herrera,(322) 756-5141,risus.in.mi@hotmail.ca,Mexico
51,Miranda Robles,(127) 813-6341,faucibus@hotmail.couk,Poland
52,Kirk James,(688) 265-9632,vitae.aliquet.nec@outlook.com,Belgium
53,Grant Dunlap,(773) 128-4862,vivamus.nisi.mauris@yahoo.edu,New Zealand
54,Gwendolyn Arnold,1-320-544-0426,diam.proin@protonmail.couk,India
55,Joel Price,1-464-435-9634,interdum@yahoo.ca,Sweden
56,Beau Chavez,(481) 965-5917,ligula.donec@yahoo.edu,Spain
57,Beau Wise,(610) 391-6661,a.feugiat.tellus@google.couk,Australia
58,Jeanette Harrison,1-853-841-5288,et@google.net,United Kingdom
59,Ivan Michael,1-193-290-5500,volutpat.ornare@google.couk,United Kingdom
60,Alexis Clark,(854) 554-6687,eu.lacus.quisque@yahoo.org,China
61,Kyla Nolan,(755) 513-2641,mauris.blandit.enim@aol.org,Ireland
62,Erasmus Barnett,(397) 421-3471,mollis@hotmail.com,Germany
63,Sylvester Shields,(277) 772-9177,placerat.orci@protonmail.org,United States
64,Olga Rasmussen,(671) 925-7762,magna.et.ipsum@google.edu,Turkey
65,Jennifer Medina,(503) 712-6441,arcu@outlook.ca,Pakistan
66,Chiquita Pittman,(225) 848-4296,enim.mauris@yahoo.ca,Poland
67,Paloma Richard,(551) 378-3691,aliquam@yahoo.edu,Chile
68,Garrison Middleton,(344) 156-4065,interdum.nunc@aol.ca,Brazil
69,Ivana Payne,1-795-506-4610,vestibulum.ante.ipsum@outlook.couk,Belgium
70,Tanek Mendoza,1-152-257-0872,est@hotmail.com,Mexico
71,Kirsten Stephenson,(148) 327-5228,integer.mollis@protonmail.org,Chile
72,Dai Humphrey,1-728-536-6020,leo.in@protonmail.edu,Russian Federation
73,Chelsea Serrano,(458) 949-4801,odio.tristique@protonmail.org,Belgium
74,Kamal Garrett,1-618-830-7774,nisi@protonmail.ca,Austria
75,Gabriel Ferrell,(426) 582-8243,et.pede@aol.edu,Ireland
76,Chester Valentine,(248) 533-5312,cras.dolor@aol.com,Germany
77,Tanya Cantrell,(562) 384-9559,consequat.dolor@protonmail.ca,New Zealand
78,Kasimir Pope,1-718-367-5944,metus.in@google.org,South Korea
79,Jayme Cobb,(640) 814-7261,ultrices.sit@outlook.couk,Turkey
80,Kevyn Burgess,(117) 801-6144,duis@yahoo.couk,Colombia
81,Noah Hamilton,(841) 283-9065,cursus.integer@icloud.org,United Kingdom
82,Breanna Morin,1-834-871-5717,aenean@outlook.edu,Nigeria
83,Allen Harvey,(348) 643-1468,justo.praesent@yahoo.edu,Netherlands
84,Sonya Strickland,1-768-455-8111,aliquam.ornare.libero@outlook.org,Austria
85,Simon Mccall,(485) 693-2111,turpis.nulla.aliquet@yahoo.org,Philippines
86,Idona Wilkins,(870) 519-1281,ipsum.ac@yahoo.ca,Brazil
87,Dorothy Moore,(468) 329-7153,velit.in.aliquet@google.edu,France
88,Linda Coleman,(534) 148-5922,sed@yahoo.org,Sweden
89,Gail Jimenez,1-186-531-3426,arcu.eu@protonmail.com,Italy
90,Connor Spencer,(612) 517-6673,odio@hotmail.ca,Mexico
91,Dillon Mcknight,(444) 270-1980,ornare.tortor@protonmail.com,Poland
92,Channing Fletcher,1-570-253-8019,proin.non@hotmail.com,Philippines
93,Hashim Waters,(447) 380-7831,elit.a@icloud.ca,Spain
94,Veda Tucker,1-692-366-3663,elementum.lorem@outlook.ca,Australia
95,Nerea Rivas,(733) 980-1072,tempus.non.lacinia@outlook.ca,France
96,Simon Landry,(859) 121-8820,class.aptent@icloud.edu,Nigeria
97,Xavier Orr,1-132-234-2859,quis.diam@yahoo.net,New Zealand
98,Madison Dean,(726) 720-5523,nostra.per@icloud.edu,Poland
99,Geraldine Watson,1-419-421-3246,ut.lacus@aol.couk,Spain
100,Oscar Crawford,(836) 823-4664,suspendisse.dui.fusce@icloud.edu,South Africa